"Date","米国株","先進国株（米国除き）","日本株","新興国株","米国債券総合","新興国国債","コモディティ","ゴールド","ビットコイン","USDJPY"
"2005/10/31","-0.02365092141419156","-0.0318415391757656","0.002447052631654234","-0.06338330406480541","-0.00990928864463081","-0.014910510275165415","-0.10387586182900456","-0.007051280679708949","#N/A","0.02626479271090898"
"2005/11/30","0.043952810330138314","0.023111214253855428","0.09278668948431323","0.05786148150110826","0.0037453252927668323","0.014078746741483702","-0.03910318365781508","0.05745646821367689","#N/A","0.02816900301034786"
"2005/12/31","-0.0019135600502580008","0.05182604705172844","0.08341085089146816","0.061059274301015876","0.011341892850523783","0.017968479681170678","0.02805994979124958","0.05270651662889514","#N/A","-0.014533894470664555"
"2006/01/31","0.024014345894693978","0.057714700627433","0.0331682622467222","0.1419830772373234","-0.0005967437968029676","0.011822653877411457","0.04271589729507906","0.09781559168137144","#N/A","-0.0056789776171884965"
"2006/02/28","0.00572526836007059","-0.006999847246825008","-0.02644019086297733","-0.03850006635702308","0.0016074421197889155","0.022072836284494766","-0.10166792296079065","-0.013030442513958795","#N/A","-0.012957093808711462"
"2006/03/31","0.01650389723689849","0.040051168702889495","0.05671558643824137","0.02167208498040618","-0.008675515761951247","-0.017726727772496155","0.050679200950703426","0.03889383307909111","#N/A","0.017013569437142495"
"2006/04/30","0.012632181048270796","0.047905088469672785","-0.008750731967523184","0.06515172323226759","-0.0014883616276527567","-0.0004932651859330475","0.0627087311678892","0.11935431515112205","#N/A","-0.0334579005598884"
"2006/05/31","-0.030121520965622484","-0.03821819450003561","-0.08433163068068728","-0.11142729327124123","-0.0019867552015294665","-0.021487908111746924","-0.008320750213331132","-0.01503529421576344","#N/A","-0.011333692839449183"
"2006/06/30","0.0026084196788276337","-0.000611214399078408","0.0026230687656212393","0.0021343235433037844","-0.0016083592648011846","-0.0030759133892112956","0.010999450209620107","-0.04626167099781364","#N/A","0.017417569587970583"
"2006/07/31","0.004478573505011463","0.00810490917271034","-0.00319862362633605","0.02342909637018664","0.013889218794381764","0.033811459635360606","0.019426691736059584","0.03315369326451756","#N/A","0.0001747250662431643"
"2006/08/31","0.021822593064678486","0.02548581227599933","0.04428889862352148","0.015817001768337446","0.01590986216456325","0.025682585545784196","-0.07133002821447809","-0.014859363947795412","#N/A","0.024888642222978152"
"2006/09/30","0.02700129349917968","0.0022185520471591502","0.0025198729471802572","-0.008707325239432295","0.01011586655219987","0.0048340364382336775","-0.10736264075143953","-0.04492935472193893","#N/A","0.005112461409344737"
"2006/10/31","0.031516602944150485","0.03749096422329723","0.01679791467576175","0.07057993452210454","0.00685684889942495","0.020164815712900096","-0.025433793738673605","0.010248633880000302","#N/A","-0.009918601034469843"
"2006/11/30","0.01988537957524139","0.03072992499205296","-0.007477095268537237","0.05984534404621855","0.010619669926022146","0.012545777394954568","0.04999998139172068","0.071345401630033","#N/A","-0.009504243528128842"
"2006/12/31","0.013371134291982889","0.03197186380003325","0.05868464073549218","0.05459827927232652","-0.0060055178323279446","0.007573029402564788","-0.06922182566895219","-0.018162077707285174","#N/A","0.02852699726013186"
"2007/01/31","0.015040614257604501","0.01393056401976045","0.008951078017734648","0.0011383110319242995","-0.0007017524415531273","-0.0032732504461167955","-0.025455464575294795","0.025296494715287166","#N/A","0.01479235549822655"
"2007/02/28","-0.019618005404939187","-0.0012121437300072202","0.012845699882722439","-0.03237050463241542","0.01625355543777829","0.016716475371566418","0.03713190246527143","0.025134869177871666","#N/A","-0.01664729619346028"
"2007/03/31","0.011588846492407212","0.028995488791661694","-0.01365097779160318","0.053344730643049676","-0.0019511956854758594","0.009200631216526386","0.024691358024691468","-0.009777313883234884","#N/A","-0.007748722078058656"
"2007/04/30","0.04429625488752209","0.03748326917761324","0.0065746481964614745","0.03725340093097884","0.005897902202812055","0.006533918488764188","0.004578280161662285","0.020811120047934395","#N/A","0.013156804039376357"
"2007/05/31","0.03391993688529871","0.02362325369384788","0.0274703823927005","0.050645593306742676","-0.00917267425724655","-0.005368281896876084","-0.011753367232197776","-0.02395830058921322","#N/A","0.020023453229114363"
"2007/06/30","-0.014620694851668281","-0.003209228819228249","0.01482191673638078","0.036782997397985406","-0.0037678747766667353","-0.022189124678468876","0.03131070125337798","-0.01799055195045951","#N/A","0.01158113890849588"
"2007/07/31","-0.03131017689886162","-0.022904252145877102","-0.04912415967385031","0.007141547860599173","0.01073153390156767","-0.01138540683734233","0.047775916665252716","0.023288324130225524","#N/A","-0.03848656505539183"
"2007/08/31","0.012833074524099208","-0.006335119413635404","-0.03926606197531035","0.010409146581768836","0.012794060792999273","0.011719423588299712","-0.03189582140704916","0.011075702220660455","#N/A","-0.022377989924457276"
"2007/09/30","0.03871352181433463","0.05317493449251787","0.017497106745762547","0.11571548291036127","0.006328913803891112","0.02436588098918082","0.09443155078689869","0.10489193849687961","#N/A","-0.008896940564596334"
"2007/10/31","0.013567112979924856","0.042498946321313014","-0.002954855086543695","0.11870111613541279","0.010079473372547998","0.026636800972887363","0.05999580116409331","0.06749969076497941","#N/A","0.0056649951018008515"
"2007/11/30","-0.038732500626867394","-0.03623684027794272","-0.0628598030830455","-0.07649942550516386","0.018035434151217222","-0.003996880737313615","-0.004599990844726509","-0.01412214492998043","#N/A","-0.0314585082989749"
"2007/12/31","-0.011260459697218228","-0.029812938998908578","-0.02294670495677764","-0.01406668682905532","-0.00009268082062974248","0.006198181248618171","0.059674526690502105","0.06400823440967418","#N/A","-0.0009842574109606428"
"2008/01/31","-0.0604613897697861","-0.07847115595525334","-0.11147689523541626","-0.08922152595359567","0.02312917803702219","0.009471839982479802","-0.004550657391518165","0.10976346216284094","#N/A","-0.04835648904083445"
"2008/02/29","-0.025842517545271337","-0.010229623274801258","0.0010092690258767245","0.019942832168297286","-0.0016011351148840225","-0.004065643281493836","0.11257142566499256","0.05311476298326023","#N/A","-0.023350395012225245"
"2008/03/31","-0.008942582914655883","0.004190055338386678","-0.07133606258575553","-0.03753059233737022","0.0012971628070279628","0.000930925389247772","-0.009416182819677155","-0.059049326420480885","#N/A","-0.037775834015190135"
"2008/04/30","0.047662397790480204","0.05438089635885923","0.10400805272242741","0.09138286764028325","0.0032761447089741935","0.011616942141412512","0.08192184261611479","-0.046101268701276954","#N/A","0.04099151108546839"
"2008/05/31","0.015116996968847829","0.01187184598921176","0.03472194734449929","0.031637903943853685","-0.012651860351278632","0.0010454844777694206","0.08466458755504336","0.011330740068456358","#N/A","0.014979355941790118"
"2008/06/30","-0.0835760417922764","-0.08786811876431","-0.058475401272675476","-0.09269531591497371","-0.0018500024403887982","-0.019811048371843998","0.10324008805152562","0.042986214188694305","#N/A","0.005876803285137733"
"2008/07/31","-0.008985580333866094","-0.03320210785955957","-0.0073596321444857615","-0.055039438010461295","0.003939693426854296","0.00787847064425895","-0.13322657681275263","-0.012167056809321286","#N/A","0.015925318208363404"
"2008/08/31","0.015453051606982404","-0.042476377598492654","-0.022528406624931052","-0.06315821646985975","0.0074196006466453746","0.007153223584308588","-0.07484984733573385","-0.09043503400665853","#N/A","0.009090097199946356"
"2008/09/30","-0.09417324375459091","-0.11436206328778808","-0.13233527400425094","-0.1468164664417958","-0.01759735957477393","-0.071449932217438","-0.10437823355447617","0.04269859713185653","#N/A","-0.02500230901565248"
"2008/10/31","-0.16518640784384653","-0.20834825614282282","-0.23652162770263074","-0.25577998977037464","-0.022810594666324402","-0.19393724662763523","-0.2966542622825631","-0.16251315667763389","#N/A","-0.07193360304865049"
"2008/11/30","-0.06960704614509627","-0.06372014291642858","-0.0077747922656855595","-0.09752251841538151","0.030242914276575217","0.09568589222472879","-0.14878438280688533","0.1223806098479463","#N/A","-0.029865932227665315"
"2008/12/31","0.009796879244257983","0.08868419917661718","0.041697545662194635","0.10333511663595507","0.06662440075504561","0.17703743777082326","-0.11176648793686339","0.07866566321552271","#N/A","-0.05078532433634653"
"2009/01/31","-0.0821146075124245","-0.13731593611716875","-0.09668723282456226","-0.09291157412499562","-0.019865753877329473","-0.06963128752609071","-0.10346036101622147","0.054234859623020215","#N/A","-0.00827357956288488"
"2009/02/28","-0.10744868005074226","-0.10387600796259333","-0.04808875568364357","-0.06269289296424563","-0.010554406849576758","-0.0560595639466247","-0.06120856601066016","0.01422943509200092","#N/A","0.08587320455696346"
"2009/03/31","0.08331053767149443","0.08391004222355947","0.08031094253799465","0.16862921045927814","0.011029789100655885","0.051085977860657605","0.04568107910942354","-0.02449819140488907","#N/A","0.013829117354418052"
"2009/04/30","0.09934579611752037","0.11519003825316099","0.08992807763961097","0.1555827239597134","0.005152909643792114","0.07727402307272913","-0.015488458495700352","-0.03374260055677958","#N/A","-0.0028291277745109422"
"2009/05/31","0.05845373761980488","0.13191803447313344","0.07040678014861323","0.15940020033604507","0.007096616336764727","0.02899821914040346","0.21500603980888044","0.10235860228080362","#N/A","-0.03303274957527724"
"2009/06/30","-0.0006553074111962376","-0.014049158321281507","0.046248883314075284","-0.022494953060590572","0.004207885155282032","0.00959403984930729","-0.0023240903128286527","-0.05224348211959762","#N/A","0.009441485630107715"
"2009/07/31","0.07460566384444633","0.10041501679153919","0.022593269653148784","0.11014540578775245","0.012689840628901106","0.031119965322765397","0.007321172255864816","0.024657576051476893","#N/A","-0.017554077810778557"
"2009/08/31","0.03694005132330558","0.04503055701392955","0.009605952352549352","-0.013135117241371064","0.012202740691876768","0.024356689146874055","0.004294653412641791","-0.0005347715761410132","#N/A","-0.018702416044816705"
"2009/09/30","0.03545685974605561","0.037965022321627684","-0.030447147206751568","0.10195379276188676","0.01188194657713404","0.052126541380817404","-0.023684188236489878","0.05864091667846205","#N/A","-0.03230321859886465"
"2009/10/31","-0.019225080880030387","-0.025237840054859184","-0.009813578682760782","-0.03443854415630432","0.002218399851227515","-0.005323623813413669","0.048180602778713943","0.03780456510502361","#N/A","0.0024479090306577245"
"2009/11/30","0.06160654242845642","0.03921232368659422","-0.06640210384778011","0.0785201990351645","0.012863100282549889","0.007955011347289931","0.01285758954299654","0.12730107479938657","#N/A","-0.04262400370723041"
"2009/12/31","0.019101287364071906","0.007095908247815252","0.12951162453310427","0.032758577092089736","-0.018811434381529768","0.0023720624528260625","0.009838129599829104","-0.0723172513614001","#N/A","0.07721743376358692"
"2010/01/31","-0.03634281164196396","-0.05065096223846555","-0.03571434182691502","-0.07759077520573521","0.014147933600303864","-0.0054038230735565795","-0.08108107946103194","-0.012573365281762006","#N/A","-0.02841466919583835"
"2010/02/28","0.03119501669774083","0.0026674144112786013","-0.0048733696661659165","0.01776393860048664","0.001983966891722533","0.013289666211430795","0.05916551148352389","0.03244669449131199","#N/A","-0.014944046456227711"
"2010/03/31","0.06087940550792359","0.06385442223430404","0.10284054640772311","0.0811087405213482","-0.00006704951904601408","0.02609352225783179","0.006134986705527146","-0.0039283958398332874","#N/A","0.051720056528271385"
"2010/04/30","0.015470424880682954","-0.028045877768310357","-0.002664296894552165","-0.0016621764824581442","0.009732716181807266","0.005097642294695337","0.03145056312693528","0.05860771770330242","#N/A","0.0033148545671088936"
"2010/05/31","-0.07945444957342751","-0.11192787225578915","-0.11576142964261915","-0.0939352319323884","0.010824341877010424","-0.018193022255974856","-0.13596761091701337","0.03006412472493669","#N/A","-0.028135983567408207"
"2010/06/30","-0.05174163627478834","-0.020619586249593702","-0.03726072769180744","-0.013986754157383263","0.01768745227507651","0.02394298123221339","0.0007202181286993792","0.023635304800377233","#N/A","-0.030266499203176367"
"2010/07/31","0.06830119079469776","0.11610432011926819","0.001046003677656282","0.10932478284989622","0.008547179524831527","0.04052792385573167","0.05757461034220812","-0.05012322537823721","#N/A","-0.02250365098837459"
"2010/08/31","-0.04498045778168158","-0.03795063326855752","-0.07732526318816857","-0.03236713313310291","0.012867579063680301","0.0258836414463699","-0.054780494604909524","0.05709341033345683","#N/A","-0.022073168751187144"
"2010/09/30","0.08955455044369742","0.09971965286635087","0.07248027592240924","0.11757355754119403","0.00007399156326814982","0.0161025785726443","0.08027355965143435","0.047463167842227705","#N/A","-0.009061643653871077"
"2010/10/31","0.03820180336411938","0.03805547214909333","-0.020063204120839062","0.03015433336871931","0.0015225892548489384","0.019437812398133802","0.028990300741399855","0.03749996367842012","#N/A","-0.024914619472489186"
"2010/11/30","0","-0.048237450295618545","0.08189636121183086","-0.029054620790221697","-0.008349091803759978","-0.04425218735504011","0.012305734405525293","0.021084389478587928","#N/A","0.031525813505351774"
"2010/12/31","0.06685276294253928","0.08308108409651083","0.026892540681870303","0.07277772716300657","-0.006754159363204559","0.0037332928185267455","0.09085087090355537","0.025073686459604394","#N/A","-0.03292418779101247"
"2011/01/31","0.023300088762016946","0.02095495024182137","0.0029095634438751627","-0.03841298052614639","-0.000851526631881705","-0.01036604258774576","0.031085085651703537","-0.06402873482542892","#N/A","0.0074741470935595355"
"2011/02/28","0.03473717918600605","0.03549802574549199","0.03675078443593183","-0.0004364706945495511","0.0029047028092110683","-0.0006154693620530338","0.02645052073981269","0.059953860049872576","#N/A","-0.005688889582844858"
"2011/03/31","0.0001203851128721567","-0.023882867636382255","-0.07555983210299977","0.06289584882569987","-0.0022302546225206887","0.015523148218735905","0.034912671549070406","0.016678788727113147","#N/A","0.01872044114429139"
"2011/04/30","0.02896115672882238","0.05625820870612652","0.01311803800261413","0.027326911793834174","0.01567501064604304","0.017065932892339708","0.042570286948995895","0.08915834231002506","#N/A","-0.0194828949711785"
"2011/05/31","-0.011214443382746908","-0.02206125363636835","-0.015936230103870463","-0.029400006173076365","0.012397618108730413","0.014478166221497668","-0.06856698158982366","-0.018336652144836596","#N/A","-0.007972544285674177"
"2011/06/30","-0.01686981102635199","-0.012107538775507853","0.013157870088172485","-0.009354770610710994","-0.004451850917944422","0.0062218518807053425","-0.05955334491730768","-0.023348861450269487","#N/A","-0.002101856759622045"
"2011/07/31","-0.020004658305108558","-0.02377770320939987","-0.010988848442164967","-0.010294316999981512","0.016867089440307348","0.019729624901652754","0.031662210408453406","0.08401636020434422","#N/A","-0.0369222619420444"
"2011/08/31","-0.05497560495142284","-0.08754879363471924","-0.08888876559476366","-0.09254914976694284","0.015204269352566024","0.005153918512619038","-0.017050255684457394","0.12287333480320561","#N/A","-0.0132382209387365"
"2011/09/30","-0.06942052524111963","-0.10808296368790604","-0.02439033915218436","-0.17894760166199875","0.007706314130425884","-0.04789838453992601","-0.12720438274415802","-0.11167226740728597","#N/A","0.0008344479697470764"
"2011/10/31","0.10914687566102588","0.0962746066123048","0.03181834618876822","0.16267821374862312","0.0012642339694477478","0.051538842649857974","0.10268301843759775","0.05938095632267992","#N/A","-0.013352459246122605"
"2011/11/30","-0.004063459664436331","-0.021763884967602398","-0.06167405457705788","-0.01960285663725192","-0.0033069130546371506","-0.012869401265701907","0.015019524969937414","0.01729272512001967","#N/A","0.029310817049350124"
"2011/12/31","0.010448085974793297","-0.021749472227754918","0.005868494183186135","-0.042648550247587735","0.013566813232843478","0.019121330445355023","-0.023971629220015833","-0.10726846312975347","#N/A","-0.003860986479941597"
"2012/01/31","0.04637463753747828","0.05269521374568931","0.04434079059998308","0.10991067541943345","0.007256221504303717","0.011389638891667664","0.023953939554050452","0.11490479662503228","#N/A","-0.0167269219131303"
"2012/02/29","0.0434054047238861","0.04833116903100776","0.10055852766485374","0.052719195126717855","-0.00013531327248128555","0.024708505709609252","0.062185325604231956","-0.02944640833212575","#N/A","0.053954985773317476"
"2012/03/31","0.03216330332380335","0.004208092910679806","0.047715670566226276","-0.031130375807683186","-0.005729432789517319","-0.0012141218637123918","-0.03038751561319375","-0.01274266324671025","#N/A","0.022278817007823193"
"2012/04/30","-0.006675373056212686","-0.020768780705411993","-0.055232416871657586","-0.01699626331731896","0.009059369555356467","0.017868259155251698","-0.0034502281798870493","-0.0024585688015918983","#N/A","-0.0233734528830446"
"2012/05/31","-0.060055662004733446","-0.11144184714315042","-0.10358982303784126","-0.10705855837744438","0.01078178570903865","-0.02770650705592692","-0.1278130503369448","-0.0628465516240434","#N/A","-0.01702546660608728"
"2012/06/30","0.04058084900317138","0.07043285814548805","0.0560638844723913","0.0503538324816557","-0.00019734686985228844","0.040647931873149856","0.006946774561735758","0.02301120187981054","#N/A","0.004190844398395788"
"2012/07/31","0.011829908123962563","0.0008009793595069592","-0.04767057965127264","-0.00025553747381512615","0.01362118294309389","0.03742793339150907","0.05880417137890581","0.01028276626589264","#N/A","-0.015281297657861681"
"2012/08/31","0.025052682872017673","0.03199969285580595","0.017064975306788854","0.004090419583797633","-1.92519352570919e-7","0.012336569696845157","0.07167239857586205","0.048346009052019134","#N/A","0.005492898501824772"
"2012/09/30","0.02535101942462159","0.02713190911718888","0.006711272244688038","0.052189164811802025","0.002666297286131103","0.017854130870252893","-0.02142448346416026","0.04793695008926813","#N/A","-0.011715244915906586"
"2012/10/31","-0.018198209378683883","0.01094355106265743","0.00888917281384094","-0.00435538254021739","-0.0004725303114946344","0.006205119742726861","-0.040236705356500924","-0.02953099104595369","#N/A","0.026723327937739683"
"2012/11/30","0.005659587063102656","0.02780869310546885","0.06057249264469222","0.015552993694202932","0.002706855917984141","0.008963829361548825","0.01602960788461738","-0.00477326507240694","#N/A","0.030959827910636006"
"2012/12/31","0.008934282141784156","0.043811627279893406","0.10384227374042876","0.06803590580225083","-0.002452410900383062","0.007144317591222915","-0.005157711579712898","-0.023980792039083765","#N/A","0.046365814933853944"
"2013/01/31","0.051190391522290435","0.03728438438211046","0.06585124972535117","-0.002931068385294","-0.0062117813261690635","-0.028503846347523676","0.04574565288559329","-0.004914000020385667","#N/A","0.05887627608858437"
"2013/02/28","0.012758436417665386","-0.012885642983589518","0.03706981354907235","-0.022840574326215335","0.005909230752581429","0.0026417625666130817","-0.05103528589314088","-0.05123461964762088","#N/A","0.014084635723898176"
"2013/03/31","0.03797142270159348","0.013053850237308762","0.07999988618162623","-0.010182450087857231","0.000984977697277012","-0.009364614383813863","0.011063325145137748","0.009759308609073036","#N/A","0.02044355014353627"
"2013/04/30","0.019212394338430805","0.05018664163449116","0.11977936019877578","0.012157854906075682","0.009686063488218766","0.035668006139580655","-0.0489361864948592","-0.07538660063045732","#N/A","0.03900622015553301"
"2013/05/31","0.023609651543333277","-0.030190385927295393","-0.007740995749137003","-0.04827927694827572","-0.020011163725741854","-0.04925206595578824","-0.01534041021222099","-0.06202092819955729","#N/A","0.03306629724422194"
"2013/06/30","-0.01334424402813561","-0.026779242489513355","-0.006382975480099362","-0.0532577085882594","-0.015654598164217992","-0.04440777900228021","-0.0003245773792658335","-0.10921250095562274","#N/A","-0.02595450631968188"
"2013/07/31","0.05167677320946207","0.0532284036143269","0.002200391138978741","0.013246707244114475","0.0026913341424938952","0.0015585488220384303","0.056493562388570284","0.07256045889631801","#N/A","-0.004671179720604712"
"2013/08/31","-0.029992363286098","-0.019552561780673328","-0.019480588509083185","-0.02537794273745786","-0.008264379165856428","-0.024309488113059552","0.031038669118514273","0.052099540760568","#N/A","0.0028158767938701867"
"2013/09/30","0.03164599878269092","0.07824900592953998","0.08462119971579396","0.07206756188109864","0.011206676268869398","0.031513964275613704","-0.03487326961405379","-0.047302247027309674","#N/A","-0.004730764851227476"
"2013/10/31","0.04630725193932883","0.032601824042769234","-0.008819527820084216","0.041707539336696575","0.008326433749790585","0.025350127837430847","-0.014515170018506773","-0.0031031777182028986","#N/A","0.006951049107026153"
"2013/11/30","0.02963738660585924","0.005464804879430796","0.09171791235307514","-0.0025905973814623895","-0.0025068728136649066","-0.020223067152192575","-0.004700708845112644","-0.05603114752176053","#N/A","0.038423623573075494"
"2013/12/31","0.025926244121254882","0.02176132167489131","0.042006380048053904","-0.004066183662553846","-0.005566817543424474","0.0028639323447097187","0.013538992277340123","-0.03709808780046142","#N/A","0.025828005080992478"
"2014/01/31","-0.035247642111725264","-0.052011997628100715","-0.08543925809227582","-0.08636376827310643","0.015408944797725255","-0.008136637803474955","-0.022056511797535427","0.033390357830351824","#N/A","-0.02073679562661057"
"2014/02/28","0.04551547209877049","0.061311160179662094","-0.003289344355922319","0.033778576503531665","0.00376382225203975","0.034447300579934614","0.04796703170864136","0.06462309083404394","#N/A","-0.006306103701048449"
"2014/03/31","0.008295618985891817","-0.004591917970126702","0.003960270940354782","0.03875358543560403","-0.0014807376276326778","0.011906915455074163","-0.0006062581614455498","-0.03190667618015519","#N/A","0.007629020898608285"
"2014/04/30","0.006951705209353731","0.01666646845112263","-0.03484538164452544","0.007802720907990501","0.00821764219162291","0.010585081372168847","0.010009038645415691","0.004823185019339871","#N/A","-0.0031587142302381688"
"2014/05/31","0.023205840572885883","0.015954694787432278","0.0238418244580878","0.029519082384811712","0.011789876878895322","0.034674539703975604","-0.005105050235440167","-0.02959999084472653","#N/A","-0.008229025246761057"
"2014/06/30","0.020645054187234946","0.009207468691445841","0.036593609838392105","0.024017600056694066","-0.000575594962317405","0.0004340502508053401","0.023845369011786133","0.06183017254114587","#N/A","-0.002723165787671178"
"2014/07/31","-0.013437310722207219","-0.026034827041701458","0.030457929621568125","0.013648096465423976","-0.0025081125379190494","-0.0025161953604067033","-0.056603722658898126","-0.035714288358679847","#N/A","0.013771236393903097"
"2014/08/31","0.039463265239025436","0.0018020196677306366","-0.011356579853312954","0.028297251235678056","0.011495622601469968","0.012699227274069136","-0.015625","0.003220608825065474","#N/A","0.008323637087701785"
"2014/09/30","-0.013796222823969528","-0.03882476159772885","0.05360563539892205","-0.07767391439516202","-0.006148027463017236","-0.02158822247375225","-0.060634915790860666","-0.060995202773278745","#N/A","0.05491051044458062"
"2014/10/31","0.02355093637672523","-0.0026512490557497603","0.01332532077374493","0.014196162035909232","0.010640613677894484","0.01974018092893237","-0.05947956133173282","-0.02991448149582432","-0.12565897341518484","-0.0016180816721144131"
"2014/11/30","0.02747180518526071","0.0006252793618515273","0.0645546409481621","-0.01542118417853855","0.006570256203099145","-0.0041565971076305","-0.10097015715579571","-0.00528638040529561","0.11742097290634956","0.07899241943598656"
"2014/12/31","-0.0025365135612653855","-0.0399275855687542","0.0022459517787476457","-0.0396351364583869","0.0014758867537820741","-0.027176182044594044","-0.13749002682332845","0.01328606014500422","-0.15303389354919228","0.013730515067018834"
"2015/01/31","-0.029629285630306756","0.006246045997322147","0.011764660631254031","-0.0068719756421078415","0.020523094650443108","0.01868547172299606","-0.08711766299412194","0.08653852806866191","-0.32083459301317074","-0.010129075345460037"
"2015/02/28","0.056204836973565264","0.06337768682058575","0.06423028015029919","0.04407978219731934","-0.008947631141302703","0.009597604720602337","0.05939086451686859","-0.05792439656892079","0.16921879119020078","0.009547711523619329"
"2015/03/31","-0.015705590984098294","-0.014285532253106359","0.030697228354122696","-0.014972781584150718","0.003747226337021292","0.00023243749224644006","-0.06564450331300142","-0.02220326456318089","-0.03948274599751067","0.005327672774212866"
"2015/04/30","0.009833910233329801","0.0364654742954853","0.014639248025323903","0.06852712343196399","-0.0032280738552418198","0.01233132043313745","0.1092307261931591","-0.0008733824496437448","-0.033080265589301217","-0.00869071903322649"
"2015/05/31","0.012855924399849838","0.001954775367257966","0.05323363417690419","-0.04104480579659042","-0.004373871483618341","-0.003086543851655188","-0.021729049079530105","0.006118938030257315","-0.02521756430715716","0.04076656656600175"
"2015/06/30","-0.02031176490609543","-0.03118232229712614","-0.015115662400529084","-0.02930851001693824","-0.010767418692586683","-0.01814244049151925","-0.0023629129216020672","-0.01476977175616101","0.14284716180825696","-0.009287688004468442"
"2015/07/31","0.02258893241423099","0.020317992967716414","0.015083103071294124","-0.06309969385426228","0.008621509847788866","0.001479706548384252","-0.14163901869581086","-0.0670194196345224","0.08202318631636807","0.011420893433396806"
"2015/08/31","-0.06094998590577816","-0.07425126541895477","-0.08122313129511471","-0.08836179241544706","-0.003357876363622947","-0.011268762001869548","0.002759339665828753","0.037807147581732536","-0.19179341405669803","-0.022422626559180037"
"2015/09/30","-0.02551616295766157","-0.04418869071767739","-0.07592295492071377","-0.03132387219709665","0.008114357067134259","-0.010683799479984879","-0.05998900099125448","-0.01821491963599864","0.026097984008702113","-0.01178178431047927"
"2015/10/31","0.08505986905878427","0.06611992855438253","0.10016879106122323","0.06375815741420343","0.0006853793844836531","0.024261933588048734","-0.0005854934968679837","0.022263518621287615","0.33087345741177954","0.009511091138355798"
"2015/11/30","0.0036552580178810246","-0.007527255452633996","0.03478268035605603","-0.025236096583881595","-0.0038908189511386304","0.003053428708421846","-0.09138837105049213","-0.06715069818995734","0.2010244020379246","0.01512398207483212"
"2015/12/31","-0.017283018469571143","-0.023318947327716777","-0.03509651156705296","-0.03819871822971921","-0.0019166094061475736","-0.015168321654073114","-0.08252744472962437","-0.004863831909887817","0.14111583942323125","-0.01937641331379325"
"2016/01/31","-0.049786264638092104","-0.055177114413644146","-0.07684425492578528","-0.050326033643107504","0.012405911269879333","0.00037803997580443394","-0.052705553346921175","0.053763461910637744","-0.1435316449945243","-0.012619316575985917"
"2016/02/29","-0.0008258096655128222","-0.03334520322799184","-0.08546060663458799","-0.008177990722636586","0.008871285862214862","0.017541862462434166","-0.020771494249230527","0.11224490427825562","0.1869201772263378","-0.04431175169884416"
"2016/03/31","0.06726544690441494","0.06582100285648074","0.05097096107322274","0.1296174315094476","0.008746721926625511","0.03313355600486845","0.04469698190251248","-0.009174283467645816","-0.0479052575029868","-0.011384887435892499"
"2016/04/30","0.003941523981210393","0.022218516473741845","-0.00577381276685085","0.004087640727900466","0.002549282149034937","0.015547673787366767","0.10369835454180998","0.050505001853162534","0.07580223349397341","-0.038178817596589254"
"2016/05/31","0.017011495725271386","-0.0008558052120215542","0.03368184254086293","-0.03692950728552746","0.00013570147243213704","-0.0021571327376173066","0.01314059170540216","-0.06089738005481793","0.1852881089554299","0.02558391420086359"
"2016/06/30","0.0034758725915080557","-0.02419387233199677","-0.09269672873257229","0.0455910136263018","0.01935139579941625","0.04174179485947582","0.006485109012642765","0.0887371960885357","0.26713348191662334","-0.0727438699705234"
"2016/07/31","0.036471168439278","0.039770642905880615","0.06171031970998109","0.053841819750988895","0.005444558123236742","0.013687796468273783","-0.10051548798997167","0.020376193120540398","-0.07226091336683538","0.01913836493207266"
"2016/08/31","0.0011976909284792114","0.005341057817332739","0.019584524087010946","0.008837161554317463","-0.002154754737137776","0.01323396797675791","0.020057287407311275","-0.03225806924173369","-0.07877467543494365","-0.017919771650614313"
"2016/09/30","0.00005794541574521972","0.013367723143357546","-0.01862630897272477","0.02518489557879655","0.0005167605036187073","0.00412972983639448","0.04073033237559609","0.007142793348318577","0.05953895478755822","-0.016224664420993573"
"2016/10/31","-0.017337179138701475","-0.02215448390318775","0.059312003935415136","-0.008277688725121024","-0.008171579591611522","-0.017290896092997277","-0.017543811104012486","-0.029156808336782136","0.14963386012549873","0.03326124790839802"
"2016/11/30","0.036838570292055506","-0.017813994042245596","0.04927219268554994","-0.044157328709067856","-0.025655307187046006","-0.04313022813484546","0.024725250432837687","-0.08360387650041146","0.06379569384552086","0.07559889632983552"
"2016/12/31","0.020271957403655172","0.027062619816330402","0.04482383227707931","-0.002526851321758339","0.0025413894159316275","0.014870261077256863","0.05026809625769757","-0.018600534885432007","0.2924160384029304","0.03376008739309544"
"2017/01/31","0.017894549071781674","0.032911911076801914","-0.0020429802097987615","0.06655263500616315","0.002128831103422213","0.017328804327840786","-0.015315875555178993","0.053249111611053834","0.0069105916320904015","-0.02250850889421252"
"2017/02/28","0.03929152786277901","0.011906676956945583","0.004606057799988905","0.01740779718788632","0.006458511766819219","0.01676067485957633","0.0012961441149581532","0.03170521706428153","0.21595868139061847","-0.007963033586856572"
"2017/03/31","0.0012501252206038593","0.03231679807070109","-0.0045849393045428455","0.03685133410710817","-0.0005529574765905654","0.005136648710251324","-0.04077670693970603","-0.002491672181581528","-0.09168024129983776","-0.008594631659174845"
"2017/04/30","0.009926019852633416","0.024241572967396596","0.014841523160218806","0.01700968639782796","0.009070134377970662","0.017101761107292335","-0.026315748831266306","0.01665277314351532","0.2576064019287243","-0.004920582655959738"
"2017/05/31","0.014112935230658152","0.03542318590792126","0.023701296664554672","0.02845728665053926","0.006871552436863659","0.007615544653023276","-0.011781016819034207","-0.0008190195618831275","0.6962881891411046","-0.0034794116916738727"
"2017/06/30","0.006375028625594581","0.002960298960738239","0.020689679760979462","0.009266665034601385","-0.00018335761732957145","-0.007170966288323588","-0.01683027820939831","-0.0213114945038263","0.08503732193929925","0.010555903889408746"
"2017/07/31","0.020554255520779163","0.026533721499014673","-0.005318747140047764","0.05822640851567762","0.003340246537119951","0.01178921358067675","0.04208268043150154","0.023450644596799908","0.15901871383230914","-0.013382857746932042"
"2017/08/31","0.0029176049151296013","-0.0004482587274424743","-0.013287472810004308","0.023515954350292967","0.009413337729627491","0.019894638259627895","-0.010266914582829467","0.04091652938413315","0.6357682892979797","-0.00045247534875780815"
"2017/09/30","0.020149307810342076","0.023617462388322075","0.040897710069014215","-0.00044605783351492345","-0.00571606666166713","-0.0018773374684932786","0.03042873991857098","-0.03223269172995691","-0.07753559989298775","0.018169507521404782"
"2017/10/31","0.023564301864057224","0.016792956275653692","0.08193617053786295","0.032805201296948194","0.0009787818251068003","0.00243155238376902","0.03892617037283297","-0.00812350755978608","0.49085787263504255","0.004703595855853671"
"2017/11/30","0.03056550389962953","0.006893961876118571","0.03410071757718458","-0.003889533523428468","-0.0014830951085530453","-0.0027201918284009974","0.012919946308380892","0.003276000141528179","0.5820913616777115","-0.008796800564352059"
"2017/12/31","0.012128162955060251","0.013488295134671313","0.0025695645177385984","0.03761553264746964","0.004751820611909707","0.012450616960652416","0.03826532970612728","0.021224508480149895","0.3833256069209823","0.00779451355508054"
"2018/01/31","0.05635950773386389","0.05020633008061104","0.01537796792723456","0.08297982757819278","-0.011250575980263577","-0.006373583932494209","0.037469206220815066","0.03277376817832045","-0.2779873889308847","-0.036704298929782664"
"2018/02/28","-0.03636084793629468","-0.04834782208504096","-0.04375236528810589","-0.058984802919541335","-0.010087872413956478","-0.02181620637130255","-0.03670804939547545","-0.020123856605766877","0.01729762824029568","-0.012011180965442736"
"2018/03/31","-0.0274102837521204","-0.008396053215168009","-0.02287745370477101","0.005414349521492889","0.006711820324852624","0.005525507382094785","0.02335581746005877","0.005529201869503009","-0.3293328919130871","-0.008815428327647368"
"2018/04/30","0.005168224358822915","0.015212487540460895","0.04817649725421602","-0.02816913660236775","-0.009410757991187513","-0.02050758117943663","0.046246274799112586","-0.008640978839966396","0.3250893147910252","0.024596431103546257"
"2018/05/31","0.024308796097298968","-0.018942745217421897","-0.012027517413429","-0.02621480175953661","0.006618898852364108","-0.008102056534265989","0.015499452157356819","-0.012678276455073134","-0.18899090635565918","-0.003538117916237815"
"2018/06/30","0.005751168249617189","-0.015840966563254955","0.004782684952735927","-0.04545686363889745","0.0010260455266215551","-0.014928210885208903","0.012436365557532802","-0.035312967819921215","-0.14546906905498158","0.016318365112067745"
"2018/07/31","0.03704640644104962","0.02852018060058059","0.0128896762745081","0.03531030098201238","-0.0002919609937995782","0.02573294888742872","-0.036292552990959126","-0.023294565389526012","0.2149344068404513","0.004597896879085628"
"2018/08/31","0.03191940445610486","-0.022357821347778417","0.012586940390822532","-0.037672858081975735","0.005680304165606387","-0.023190896577637288","0.01042875450688463","-0.020442911055977397","-0.09547787385747553","0.000045022733387245495"
"2018/09/30","0.005945995593639841","0.009652649852011752","0.062151640832595945","-0.005791070016636812","-0.0061974395973072305","0.020309412870231913","0.03841743439087275","-0.006086929984714717","-0.058545695389234265","0.02124344991680105"
"2018/10/31","-0.06910432395132016","-0.08133549574730758","-0.09120251116656164","-0.08760482333148722","-0.006440659208472921","-0.02514874962638236","-0.061844329182032864","0.020997354742806618","-0.046479119136965674","-0.00269061724551245"
"2018/11/30","0.018549063599861304","0.004963230569939858","0.020870303070706697","0.04902972259015148","0.0077156661163027","-0.004885032390755217","-0.1106533337120339","0.0034275888253232356","-0.3641157587086258","0.0031755400476394247"
"2018/12/31","-0.0880482591646129","-0.053497739583059145","-0.10482831548569005","-0.03488873467681319","0.01981151475817211","0.019073546255108376","-0.07213760580278328","0.04953030929262359","-0.0683469654808112","-0.02716668750980067"
"2019/01/31","0.08006534133829923","0.06634913550648958","0.03935872651425121","0.10343040383633251","0.009108851055340983","0.04783069265111539","0.0834521458215598","0.028478468881700136","-0.07612356891843053","-0.012226946442937536"
"2019/02/28","0.03241589033475778","0.02536684061486727","0.029453003482515783","-0.015313261606987871","-0.001137814676336113","0.003983034113650419","0.03489142207284601","-0.004746868511629088","0.11481101020191953","0.01725985865098023"
"2019/03/31","0.018100558591392923","0.009180128751901995","0.0004542336882309428","0.011309960747587278","0.02122567084397775","0.015061343519205073","0.014631013888640299","-0.015898236127033005","0.06501500614248945","-0.002029536496834572"
"2019/04/30","0.040852657034643025","0.02929380387709113","0.04947793318971572","0.023532343842043835","-0.002002979867088306","0.001769769687390177","0.02758618091817855","-0.0072698022419973585","0.3033373026312973","0.009400118457421947"
"2019/05/31","-0.06377134309740107","-0.050329473821166704","-0.073961972536987","-0.0732985931535215","0.019107978005287407","0.004929397866932916","-0.08419763344458564","0.017900754085571124","0.6024930171574245","-0.02077419391861901"
"2019/06/30","0.06958628656459265","0.05911651595771872","0.032695000372141125","0.06207766964359296","0.010985751258120846","0.035263889727419784","0.04263819985938233","0.07913667090369447","0.26154910600902714","-0.014722428167413981"
"2019/07/31","0.01511963634067115","-0.019473753091353796","0.013248508306873186","-0.02656720165352011","0.0018186164093749735","0.007337074662157939","-0.004472824059454705","0.0014815153899017108","-0.067626591766352","0.007563967438041663"
"2019/08/31","-0.016743492721051134","-0.019239631263490153","-0.03728966964087754","-0.037826287820222904","0.027827874875803404","0.015521782671310103","-0.048780502734498854","0.07692307149707389","-0.045110118116522324","-0.019564792369171524"
"2019/09/30","0.019457978501348228","0.03164047103592815","0.05573931154009171","0.016919704370696342","-0.00612138837015519","-0.010968478780069568","0.01551960193298596","-0.03159340830287438","-0.13880620170759905","0.01414905065872496"
"2019/10/31","0.02210452521325168","0.03389055959307785","0.05592829345593153","0.04184019806031247","0.002080905390939858","0.005754901417620362","0.007973414221812192","0.02553188985373067","0.10920318227380199","0.007828144397020287"
"2019/11/30","0.03619851164339982","0.011272620617242213","0.016101839432946408","-0.0009396725291201946","-0.0003454337881544367","-0.009496366256757205","0.003955139462137769","-0.03319505495465791","-0.1771770232076748","0.006645888490736329"
"2019/12/31","0.029055397803426475","0.029954049389261828","0.017931507991441054","0.0773027801529722","-0.00046718977583259935","0.02945925024285012","0.06434665605330858","0.037196028239675494","-0.0496762414464359","-0.0058349763762006734"
"2020/01/31","-0.000403892387799365","-0.02822590586760687","-0.020483419539623737","-0.061510992724099656","0.02028973726322758","0.012395211645094717","-0.1061073047809149","0.0462069018133755","0.29984019674608997","0.00003671987264097787"
"2020/02/29","-0.07916589304385546","-0.0776524990791283","-0.08866574589319287","-0.03775844942735873","0.015846887572237733","-0.012538100498248217","-0.07798482624501235","-0.0065919829246405826","-0.08031850219040493","0.0071916453304476935"
"2020/03/31","-0.12487113607156619","-0.14106696660670748","-0.09591551675706855","-0.15769975638837896","-0.005268121826989658","-0.1497144820637153","-0.3038921834038536","0","-0.25127763815543147","-0.014818529506957168"
"2020/04/30","0.12698370719088103","0.05817444923757087","0.06598974390381263","0.07354229295165404","0.01719046632572918","0.04392768757787602","-0.08817211093344512","0.0690113428392789","0.34477896223547644","-0.013190197653111135"
"2020/05/31","0.04764525559473043","0.05426890658834482","0.08333322219063488","0.02974903348404423","0.006725980489344696","0.06271410330185878","0.1580188944484906","0.026070767249013693","0.09268347920493625","0.009689495595475606"
"2020/06/30","0.017734131858121227","0.03511194328199041","0.01934069397434368","0.06604915258771382","0.006590915610011683","0.029765426494548386","0.05600816780317719","0.027828134625807133","-0.034146858566219795","-0.0004923813431485513"
"2020/07/31","0.05889235723228836","0.019385619660449604","-0.02325245210185134","0.08252042252212677","0.013332038504412669","0.038571019398703","0.03664417730323155","0.1100647948455109","0.23916341296986676","-0.027019219068792566"
"2020/08/31","0.06979680052115445","0.04722007657663885","0.06421217713475769","0.02887508431397956","-0.008235846705946237","0.007254485919198084","0.04651162790697683","-0.004772012177904905","0.03155866679660524","0.008138905226364512"
"2020/09/30","-0.0374437468303932","-0.020467762284900992","0.007594740078971984","-0.01010341952377991","-0.0009735412718596681","-0.020813069147630148","-0.0444444444444444","-0.0415557095163992","-0.07673511599209437","0.0012223224357614804"
"2020/10/31","-0.024933709352594535","-0.03550689953904018","-0.008375211014638118","0.014062116527132185","-0.005582908131445574","-0.004560030813153149","-0.03441859400549596","-0.005558664966203719","0.27785306210931693","-0.010505002602242741"
"2020/11/30","0.10877695559819212","0.14269437708955612","0.1499155253169555","0.08991276034030937","0.012067558498534803","0.042198862728935804","0.12235062524927143","-0.052543245320225584","0.4241232777902142","-0.004514414735091732"
"2020/12/31","0.03704855300803134","0.05015409797814274","0.04076395751756823","0.0712947106841555","0.0008572514223204042","0.021555098915525983","0.05836912681904183","0.06961642151705205","0.477731740726012","-0.009233090528561472"
"2021/01/31","-0.010190414323580477","-0.0078124934390003675","0.008468477047175904","0.03174008256364136","-0.007445641264863245","-0.01777246957281786","0.047039734573795844","-0.031991172121021205","0.14180671257315614","0.011345876630515672"
"2021/02/28","0.02780526878394185","0.022378756293741864","0.04618624405023031","0.00787829258496564","-0.015181240675146479","-0.0304701361986095","0.10302090932810204","-0.06324779209442544","0.36308750593940786","0.02002087839978106"
"2021/03/31","0.045399359853257604","0.025131649831849012","0.013377928316900656","-0.007258604174727901","-0.011463248429400719","-0.007284747946921244","-0.01896063963687511","-0.010948923316814185","0.30531110958991947","0.03690580456230319"
"2021/04/30","0.052910458020467344","0.029524251449752237","-0.012541311806044675","0.011998468189618361","0.00732008131820705","0.02402960432120249","0.08088762296647056","0.036285371727111215","-0.019835020649767054","-0.01270115563833385"
"2021/05/31","0.006566058472216252","0.03482251267566494","0.0010027660314069209","0.01648767055758693","0.002038293653544576","0.009639879806578211","0.023841036263749116","0.07596431752633759","-0.3535455959448175","0.009209931299440033"
"2021/06/30","0.022427415326453648","-0.010779875155086938","-0.002003381546229255","0.009503970887272173","0.008279214336771146","0.008591505813089206","0.04075033071710332","-0.07032540968282985","-0.06139416614323989","0.005713976313591829"
"2021/07/31","0.024412542878777144","0.007733071535728442","-0.051667350777788945","-0.06436985240139304","0.01116584260282627","0.0055752524294421235","0.013051527811134278","0.025215138294378825","0.18793385485283132","-0.010186882370042505"
"2021/08/31","0.029759849725239373","0.014467218920307001","0.028581491352893673","0.015697759573946923","-0.0020037423174404934","0.008987277912134273","-0.023926344043115888","-0.0008681305787600069","0.1331010952575873","0.004889942132942027"
"2021/09/30","-0.046605421397510005","-0.03261395781748655","0.057658975611389884","-0.03873317692551037","-0.009172090245806452","-0.026379599118952934","0.059710922190485016","-0.032435533492004676","-0.07157155076344934","0.018118285315372518"
"2021/10/31","0.07016358668364142","0.0317907602800076","-0.020032904699398557","0.01071848621470406","-0.0000874759940610037","0.0015948796550619981","0.05871884550883899","0.015564216107111228","0.4002672858735883","0.01500857945667411"
"2021/11/30","-0.00803482575524661","-0.045347404996267104","-0.018096455361090724","-0.040848352432623414","0.0027085238710820025","-0.018825446987875027","-0.10588236991214761","-0.007368110750115897","-0.07034580264960633","0.0016547277186567122"
"2021/12/31","0.04624764864893027","0.043909538019979655","0.01604098002019838","0.01507067312870225","-0.0035872193183651424","0.021628723790852344","0.07205517352480606","0.03355110029323782","-0.18768354629620299","0.011062903554301284"
"2022/01/31","-0.052741199353322","-0.03634965738987628","-0.06247901399446443","-0.0002045638274791317","-0.01998612453153692","-0.033743112557536814","0.11747516991120288","-0.016949156257160758","-0.16894668246945244","0.0017294655226807176"
"2022/02/28","-0.029517178875988703","-0.03429180480749061","-0.017735587802078845","-0.043202277592349736","-0.011456537083530671","-0.055301261060204054","0.08838904563441141","0.06107539678646878","0.1223941500332939","0.00280229428577794"
"2022/03/31","0.03759049746337095","0.005189801272394323","0.05781502731406607","-0.033811258943636124","-0.028121848539467642","-0.010966208664532018","0.08841903891440417","0.014321135722847211","0.05430112933630005","0.055682006226156266"
"2022/04/30","-0.08776895655669714","-0.06739130659941628","-0.03551722123369139","-0.06135109390939486","-0.03805842223316458","-0.06672009408728208","0.04547464476788998","-0.021449928760557957","-0.17180562778839858","0.07203678585918794"
"2022/05/31","0.002257268172347615","0.019959122219159964","0.016088600335368852","0.006134944114909224","0.007605334051634438","0.008108699381300877","0.057432457467253784","-0.03246398318315524","-0.15703524015723236","-0.02314031655824278"
"2022/06/30","-0.08246057725999689","-0.0876663153537458","-0.03201965838926679","-0.05157671057066382","-0.015529939028636863","-0.06154082480879919","-0.07747605683411218","-0.01605958060645918","-0.37768830820493093","0.06890540419838809"
"2022/07/31","0.09208750807553878","0.051688225252204845","0.05454638905772402","-0.0034912969802757265","0.025380724307526137","0.03602896423233837","-0.007359310540545061","-0.0250655953345732","0.17954101668545608","-0.0160481537333923"
"2022/08/31","-0.04080193660163922","-0.06116861634860493","0.011060357512215235","-0.013263219542470117","-0.03042279963042438","-0.0270774978571926","-0.029655486093573713","-0.02959646205938682","-0.14085561097213029","0.03226999303575151"
"2022/09/30","-0.09244581707644306","-0.09222040193367831","-0.07171383182817803","-0.11539431283258073","-0.0414501672444304","-0.06575064666496233","-0.07505618320422225","-0.02865059839980144","-0.030822039575552185","0.04106424157928368"
"2022/10/31","0.08127542257936793","0.05891803002192608","0.06565651987473364","-0.01978215838433728","-0.012784922831393208","-0.0016318275746938227","0.06171042091699719","-0.01744374032450091","0.05475483351418764","0.023409079143789535"
"2022/11/30","0.05559160972833621","0.13168083648414153","0.014920208666947543","0.15589366643573754","0.03808434534602756","0.10076631560109295","-0.011899323768540193","0.08457065754028847","-0.16233625149087516","-0.06134144426653143"
"2022/12/31","-0.057628181033145376","-0.018128851460384343","-0.0660671131367554","-0.026374829991917426","-0.008704709944659883","-0.013585220314892621","-0.016674414442206964","0.029464337006720465","-0.03617484988577191","-0.04201228841482352"
"2023/01/31","0.06288730191049896","0.09003663933124506","0.0466666681877097","0.09129267885854264","0.03330271565287246","0.0392484075624564","-0.0009420847006558208","0.0578201789874917","0.398355562196792","-0.018334861515893586"
"2023/02/28","-0.025142501508592097","-0.030747778517067337","0.004423183749155735","-0.07567699726972532","-0.026656883769217377","-0.0269189923167118","-0.04243279855627824","-0.05383988008985541","0.00034877106732977836","0.044742811193731136"
"2023/03/31","0.03707753684783821","0.03129046447504713","0.03188298878731288","0.03217358539094928","0.026412397922427555","0.016721713935293314","-0.009354930167654207","0.07943385571474604","0.23031275933019146","-0.02285846434237393"
"2023/04/30","0.015974985240013062","0.029362467612379817","0.029020219938336034","-0.00836271119992038","0.00575509497571236","0.0027001133539585886","-0.010437424605459933","0.009098211461221029","0.027751556410733347","0.004511962422422133"
"2023/05/31","0.00461625332995097","-0.040070701263618","0.07033842947380697","-0.024022675473176713","-0.01144290579377194","-0.011888130520851692","-0.0622802501567743","-0.01352421993940589","-0.070011342199917","0.04476768214023097"
"2023/06/30","0.06479975168709617","0.044700516049192895","0.07687524991301986","0.0439885630457173","-0.003682243265652363","0.025028065961828272","0.043920711916086486","-0.021774230018241858","0.11967798146804087","0.03568152016791304"
"2023/07/31","0.03273325855727771","0.027034565500859475","-0.0008941843263342575","0.06041462268324138","-0.00015369327659386922","0.01723983649020333","0.10826067907288173","0.02225890043629497","-0.04092037651288716","-0.027780102277520258"
"2023/08/31","-0.0162519519210802","-0.0393500288616514","-0.017003879292086577","-0.06626952995910818","-0.006312918042493787","-0.01845838268009481","0.004629647208502563","-0.012096794454578785","-0.11285070504336647","0.037944582792575954"
"2023/09/30","-0.04743446090284531","-0.03648810113960521","-0.015508496619997092","-0.031146112175614582","-0.025895908806192636","-0.03328223522296536","0.03732716301677508","-0.047891110790019176","0.039968549920561314","0.02216309908651337"
"2023/10/31","-0.02170875722073895","-0.029019209017755454","-0.0315055365631286","-0.032938014894722034","-0.0157067006878987","-0.011890419342310388","-0.039093783170474294","0.0743068976678889","0.28551947543569023","-0.0015134439227747487"
"2023/11/30","0.09134399803328819","0.08218766956049928","0.08414134913964655","0.07792901706289657","0.04592916255892554","0.06237944399901463","-0.04392042960935327","0.025272699097716123","0.08783270039094293","-0.013895628571761853"
"2023/12/31","0.04565518280223091","0.05350984652444479","0","0.035653402439483894","0.036976444779662554","0.04548357945538539","-0.029980697779691257","0.012714007579904152","0.12071360157473277","-0.03814640152057602"
"2024/01/31","0.015926460339351634","-0.004512205369455291","0.085978078014471","-0.04526245059683953","-0.0015111218221121048","-0.012126626908683713","0.04386844922948718","-0.013835437297438857","0.007510151676246579","0.04199258239185499"
"2024/02/29","0.0521869012888494","0.029862610584574734","0.08049940270299283","0.041677594336739565","-0.014745966642651043","0.007841244040962092","0.008596002893267451","0.004156919730705644","0.43716858418659976","0.02230457212821535"
"2024/03/31","0.032701985078115614","0.033786491185477274","0.03589872037454245","0.02725673686797414","0.009024985910200956","0.019974012337006686","0.04450750896575739","0.08693393694705387","0.16561329171152273","0.005203885351660276"
"2024/04/30","-0.04031968129327235","-0.03243179040141686","-0.04913359751738777","-0.002190742433202497","-0.024782454711853807","-0.024119685840508387","0.009519537484373064","0.03070699754982198","-0.14995437921729393","0.03218431617371165"
"2024/05/31","0.050579738951831876","0.05060176811468087","0.003494834467617336","0.019516843792513505","0.016695476450928837","0.026051716732595986","-0.014369092422387486","0.015935391537274635","0.11304277803921714","0.004087974124660221"
"2024/06/30","0.035280073236739096","-0.01826736963957687","0.02835816864667473","0.026180207166586422","0.008855034714253085","-0.0023341918494409475","0.009111564858280019","-0.001363977517654602","-0.07131456883230869","0.02379051984080993"
"2024/07/31","0.012109134330343219","0.02591592085032901","-0.010650846211957443","0.008452720402971625","0.024191749780695382","0.026685693965555313","-0.028893878134111817","0.053949440369239765","0.030966973402063003","-0.049892016576545184"
"2024/08/31","0.023365672498981693","0.032603296229716694","-0.0129032945635843","0.009778834059567698","0.014614422008801364","0.022663228777190403","-0.021850270030374763","0.021166297157341862","-0.08742521094720224","-0.05095957865072809"
"2024/09/30","0.02100455757608799","0.007833243248649868","-0.010809464199348029","0.05741295418481607","0.013328256478502665","0.020145663371170297","-0.0019011841153402376","0.05118447644085511","0.07392927032290175","-0.014542029386306887"
"2024/10/31","-0.008923539741827025","-0.05273222162266711","0.029987292518068198","-0.030745741745642152","-0.025187589259712095","-0.024411183286448424","0.014285677955264031","0.04305833715890417","0.10872796248193972","0.07298480661404039"
"2024/11/30","0.059633499958499536","-0.003155849488880147","-0.022205757813652083","-0.02677174110246916","0.011109979260813363","0.01825444792221176","-0.007511730194512012","-0.030671299149456432","0.3736209803256596","-0.013250299266651"
"2024/12/31","-0.024060244422572152","-0.029501651610710167","0.04642949928487328","-0.016966744550535928","-0.01693390320343502","-0.02228176381182212","0.029801375889524584","-0.014726401561528268","-0.03131032825862812","0.038505293903842386"
"2025/01/31","0.0268564962055593","0.048009443168023136","-0.00843982971319479","0.02152089977249272","0.005159888352278319","0.016958669960249084","0.034451078742744556","0.06786509239064564","0.09607082167329573","-0.01845915529316078"
"2025/02/28","-0.012694879396753067","0.029530614965496804","-0.06031125789322156","0.011469934439871876","0.022373902343509","0.021318601956587635","-0.014653637522120455","0.018914318520950824","-0.17608526437187266","-0.026509320172561357"
"2025/03/31","-0.055719174292190976","0.0018386758413349025","-0.0331262886688124","0.011340045185826764","-0.0002628046454962174","-0.011501173356190053","0.026137895887648144","0.09448673201244873","-0.021619399346929025","-0.00263304956289101"
"2025/04/30","-0.00867014376643227","0.0369509421089973","0.009903611167024096","0.0013729332515761694","0.004310466265077251","-0.0025499883842833304","-0.08871323746833437","0.05444367595517852","0.14123018539860022","-0.0489116090277707"
"2025/05/31","0.06284483157507648","0.04790557959566821","0.05618875092976694","0.04021939982878808","-0.006068943493542367","0.01163488098658405","0.020240967532238363","-0.0001608222909389445","0.11072156686350643","0.010400712782419497"
"2025/06/30","0.05138622856489983","0.023962137824394825","0.06449177297090047","0.07002036248006793","0.014553633214163364","0.026886183146749287","0.041095929905433426","0.0032175154992022392","0.023865516830480216","0.005132817012871271"
"2025/07/31","0.023031507002519103","-0.02091959681564315","0.016613853962443415","0.006633492613808523","-0.0026395321545558126","0.006830106525096857","0.034482681032820484","-0.005612608810017572","0.08048574368152783","0.03258439968637106"
"2025/08/31","0.020519557405096478","0.04524687917913561","0.04060434372049104","0.02677098847397419","0.011903509024826286","0.017964656845804505","-0.0013157359781009736","0.0498306762816807","-0.06497588926270748","-0.01632426435438805"
"2025/09/30","0.03562036495851717","0.020660246177234054","0.05784936479128855","0.0709988141234077","0.01126770720499981","0.015706658627270942","0.008783436608259976","0.11781871503413832","0.053765260876786236","0.012296532578020214"
"2025/10/31","0.0238374088945974","0.011995234917442366","0.16641647008363725","0.03558048046610751","0.006154594395668678","0.019757939348099107","0.010448401318785994","0.036003887143667646","-0.039453588451788923","0.035701017074604824"